{"encoder_version": {"version": "b\"ffmpeg version 3.2.14-1~deb9u1 Copyright (c) 2000-2019 the FFmpeg developers\\nbuilt with gcc 6.3.0 (Debian 6.3.0-18+deb9u1) 20170516\\nconfiguration: --prefix=/usr --extra-version='1~deb9u1' --toolchain=hardened --libdir=/usr/lib/x86_64-linux-gnu --incdir=/usr/include/x86_64-linux-gnu --enable-gpl --disable-stripping --enable-avresample --enable-avisynth --enable-gnutls --enable-ladspa --enable-libass --enable-libbluray --enable-libbs2b --enable-libcaca --enable-libcdio --enable-libebur128 --enable-libflite --enable-libfontconfig --enable-libfreetype --enable-libfribidi --enable-libgme --enable-libgsm --enable-libmp3lame --enable-libopenjpeg --enable-libopenmpt --enable-libopus --enable-libpulse --enable-librubberband --enable-libshine --enable-libsnappy --enable-libsoxr --enable-libspeex --enable-libssh --enable-libtheora --enable-libtwolame --enable-libvorbis --enable-libvpx --enable-libwavpack --enable-libwebp --enable-libx265 --enable-libxvid --enable-libzmq --enable-libzvbi --enable-omx --enable-openal --enable-opengl --enable-sdl2 --enable-libdc1394 --enable-libiec61883 --enable-chromaprint --enable-frei0r --enable-libopencv --enable-libx264 --enable-shared\\nlibavutil      55. 34.101 / 55. 34.101\\nlibavcodec     57. 64.101 / 57. 64.101\\nlibavformat    57. 56.101 / 57. 56.101\\nlibavdevice    57.  1.100 / 57.  1.100\\nlibavfilter     6. 65.100 /  6. 65.100\\nlibavresample   3.  1.  0 /  3.  1.  0\\nlibswscale      4.  2.100 /  4.  2.100\\nlibswresample   2.  3.100 /  2.  3.100\\nlibpostproc    54.  1.100 / 54.  1.100\\n\"", "cmdline": ["ffmpeg", "-nostats", "-loglevel", "error", "-y", "-r", "30", "-f", "rawvideo", "-s:v", "160x210", "-pix_fmt", "rgb24", "-i", "-", "-vcodec", "libx264", "-pix_fmt", "yuv420p", "/home/lucas_pierezan/rl_cs234/assignment2/results/q5_train_atari_nature_ddqn/monitor/openaigym.video.11.1235.video000000.mp4"], "backend": "ffmpeg"}, "content_type": "video/mp4", "episode_id": 0}